ed844579d1ade7195bdcf67369fc2b2112029f185bd46b2d53076dddc607f464	crates/aead/src/data/a128cbc_hs256_test.json
e795bad158298c87541bc1357ee8658b0e96849d40eb8e7654f1f137c1413865	crates/aead/src/data/a192cbc_hs384_test.json
28fd47c8f3a353dd51e32956c3ab780f231805e7ffc01bf545e234ffd4219391	crates/aead/src/data/a256cbc_hs512_test.json
1932de9a77d4c81815466b6f748351dbe533cfa6b5154cf1112965f709c408f1	crates/aead/src/data/aead_aes_siv_cmac_test.json
989af8d7bd21d027ef62f38d94e920d3ddf406344a1b215400e480bde013d37e	crates/aead/src/data/aegis128L_test.json
6b9c1481f73d0396409250ec14c905082eccfcbb92f87281c19989b7ecad588b	crates/aead/src/data/aegis128_test.json
b5f9b1c171563e76b9fca3906297ee2b6afe7526754f401227d1ac669ad569c9	crates/aead/src/data/aegis256_test.json
e713a981df1f261098245f4a1031a34a611df93e0d83f4a6a2c1a13e9ba62d7b	crates/aead/src/data/aes_ccm_test.json
70bb17651a8f8a3d9bb4313a63cad0f06ee6300f0c530760144052c09b595e40	crates/aead/src/data/aes_eax_test.json
d96e4f8c0db1a5e3b395907120f9d417d599507e7a08a1f60babff09ae276a8d	crates/aead/src/data/aes_gcm_siv_test.json
985e5ecc172e181eaf49e89508b9470dcf478002eb7e8559c707eb42dc97dfe7	crates/aead/src/data/aes_gcm_test.json
8619a04fbe63c0431caaade07f94c688261a0f3ee4850d761bec1200b590930c	crates/aead/src/data/aes_siv_cmac_test.json
2428869f2b2e72e8cc55b8aced4869532d388b10ad88433e31f673303869fbaa	crates/aead/src/data/aria_ccm_test.json
c96817c86b2a6b4042783d30afb1072089e35a16f870190d33ae50735b2fc3a4	crates/aead/src/data/aria_gcm_test.json
65ace3117b5b5d4f47de76f64906b378c22f5d0f15cd0976f401704db2f16a82	crates/aead/src/data/ascon128_test.json
7af70aba4bc3312b369b173b5af1c962ba9b7de7869a77944491e71fa7b011b9	crates/aead/src/data/ascon128a_test.json
79f8a0e9b5f8d55e9b496342abd6b4647bff14e538b24a368fd1760b11dd8ade	crates/aead/src/data/ascon80pq_test.json
a64662586820a5b14735f8effa3e4d5a926a8f769b6f969105e68c446654f981	crates/aead/src/data/camellia_ccm_test.json
fe61d25f90e1bde4461d00eafe61049e5f29bd999f36b766df9cda90906ad53d	crates/aead/src/data/chacha20_poly1305_test.json
9beb3ba1be3b60e455b24c5efba9b18fa13aa450f5093c142a64b846fafcbc46	crates/aead/src/data/morus1280_test.json
108bfece292780c7b4389bc121207ab8755e4dc6d188f3380ce9eaf5d429685a	crates/aead/src/data/morus640_test.json
cf34a6451e5956d87dc6b30d7b3b0ca8139f58ce25bff53d7746fb57eb332c05	crates/aead/src/data/seed_ccm_test.json
6429d5706d642fbf82b3183095aa723a0dfcf02d62564c62eb34479304b737f7	crates/aead/src/data/seed_gcm_test.json
5fcfe25c71da0837a1e570cbf864410d46f9d4fcfcf90553ff80fba6bdbf20fe	crates/aead/src/data/sm4_ccm_test.json
425295e9974806b4a0635fb17c653757a049c4e5877596f991b7b371ceca0640	crates/aead/src/data/sm4_gcm_test.json
a79de072571b90eb40c3a63ce0c7f75dcb4b62323c8870228e1f61dcc61d63a9	crates/aead/src/data/xchacha20_poly1305_test.json
d090af2c4f06781a2158aa3482d94766097e2917302b2c7bbc18d06cc10382a9	crates/bls/src/data/bls_hash_to_g2_test.json
83c2a528087049084b817b95c4ce57851a7f151b58b9ae35de780dc7b252257c	crates/bls/src/data/bls_sig_g2_aggregate_verify_test.json
f2792254b83b5563f56f4886d71fa416643a1ff07d52e131a324dceb6b0f36ea	crates/bls/src/data/bls_sig_g2_basic_verify_test.json
2dfa383d22f22f2d5009cf6626fd9558998592ed3b72b9a4f4b08f64b505b44d	crates/bls/src/data/bls_sig_g2_pop_verify_test.json
416d10f0d276aa60ed7ec14314071157577efb01c451e1d8b4d2b58777c22963	crates/dh/src/data/ec_prime_order_curves_test.json
9bf4c9c9103af2b11ff4441c81959e3e0e07000449dd68a3ee23733381a3af27	crates/dh/src/data/ecdh_brainpoolP224r1_test.json
8502c0259d85813d93cba5a664245b2d5ad1cdd3480a77337f3b377b8d63ccf4	crates/dh/src/data/ecdh_brainpoolP256r1_test.json
639cc4be169477ee3bb0faa6e696a3211b23d4c137f2587a1d4c91c35944d86c	crates/dh/src/data/ecdh_brainpoolP320r1_test.json
f32542f287664e337e1cc516e879de201ac023b6759a0d0637a4b687e96fd04f	crates/dh/src/data/ecdh_brainpoolP384r1_test.json
5f9d2c37b0d8daeca751f8e6467620ad1ad2bb789a6438a51a87f4830cf0f46f	crates/dh/src/data/ecdh_brainpoolP512r1_test.json
6ab1c04f60158fe034c44c5e2616605c069160bbb018a74338d0c04be19b2cac	crates/dh/src/data/ecdh_secp224r1_ecpoint_test.json
9fd4e678fea5a7e3b6e933ccd4d8bb287730e16cc989fa80b96f465534866901	crates/dh/src/data/ecdh_secp224r1_pem_test.json
8663b33953788be6af01d523735b35f59cb8848d213c8fa99d509f4328c6b61b	crates/dh/src/data/ecdh_secp224r1_test.json
049fa2be70e9db836a043aba6132b53cd97de4c0de5277bca6d65a2770075cae	crates/dh/src/data/ecdh_secp256k1_test.json
e68d019c7db56dc48cc69abb1d018ebf1cf12621689834fd658baf66c36f5268	crates/dh/src/data/ecdh_secp256k1_webcrypto_test.json
648f16d077caf2400d02331ca51f44744c72c799830c8d0595d0b18b6dd9f886	crates/dh/src/data/ecdh_secp256r1_ecpoint_test.json
64ebeda982c3c1b8801dbe055151fd9daa55786cdae7e46d22ee21aa7617e915	crates/dh/src/data/ecdh_secp256r1_pem_test.json
cdb8bd5d1206fddb6618c69ffa18f303b4752caba321d348d4aacae3f20cbec4	crates/dh/src/data/ecdh_secp256r1_test.json
578ddbae7cba6ba89583ed539b15cb601fcbd78c9614480895b577199bc8c985	crates/dh/src/data/ecdh_secp256r1_webcrypto_test.json
ffa7835fe1de359dff762c8f1272b98acebd5578e2f855d969051ff956c6dca3	crates/dh/src/data/ecdh_secp384r1_ecpoint_test.json
821ae2254fcc0a176560ed8ba21fa1a9d4d1bf293f7af148229b50c85d987ef3	crates/dh/src/data/ecdh_secp384r1_pem_test.json
25a9c41573dbea97c5b4be2dd00369fa68dc37ac8f41807d8e16226d188ec6a7	crates/dh/src/data/ecdh_secp384r1_test.json
4eff6afc6923dcf01a21ceb42eeb4bcca9512ad9f7135e775bd7b56eac042cfc	crates/dh/src/data/ecdh_secp384r1_webcrypto_test.json
87aba8739c96de2bde8c75b60ffea09d0493192c4d9543d1d969e5e998931f35	crates/dh/src/data/ecdh_secp521r1_ecpoint_test.json
9d061467d55d95171fbb2cff74a7f42208d2c6322ad641ee367bc327c6d96bf7	crates/dh/src/data/ecdh_secp521r1_pem_test.json
b5e379919833afa94ef6cb7e085367408a5ea63cf486ad008ad36ef9be4bebf0	crates/dh/src/data/ecdh_secp521r1_test.json
58888e023292d60a52f53ceb26e0eb3eb88c3e2eed66852fb09493ec3a40e943	crates/dh/src/data/ecdh_secp521r1_webcrypto_test.json
0eb56c96d14749ad3414f12e782f8ba50ae3112cc07f6c4ed7c8fd6baf6bcee2	crates/dh/src/data/ecdh_sect283k1_test.json
bb9d9f70622af7e0ce06d81c06cb8e443a7780899588c9724d8ec73909dd8f7a	crates/dh/src/data/ecdh_sect283r1_test.json
840e6c7f5ff5e45839a024ac864daed7325455a54e4753864e88833b4465fceb	crates/dh/src/data/ecdh_sect409k1_test.json
548fe23c0b204dad9ffed7334a7bc9e0781331225e116ad1f6e3cc16b2050fae	crates/dh/src/data/ecdh_sect409r1_test.json
b33edbb96f2cef542486b38c731a14dc9a5cfd8ff7429c9da5d13b91328916e4	crates/dh/src/data/ecdh_sect571k1_test.json
50d2f97dde1f2bd9b7c472ef7a17838bc9c94b059949c5aa0560f7a9f246df43	crates/dh/src/data/ecdh_sect571r1_test.json
810a65ec0fc0c0f46bf6bf26b71675d01f5409dbfac781ad0ea9273d5d08d660	crates/dh/src/data/x25519_asn_test.json
3f793624218bceeb0595d23770f602bac8b947641e8aba688f2830e6a2e48eb3	crates/dh/src/data/x25519_jwk_test.json
9b5f14d6cbc9019d0fef06b4f98fa8596144e1e611eb13faa555fb325c8c9a43	crates/dh/src/data/x25519_pem_test.json
35c3f5231cf25cc640b524d403461deee9e49441d5d915a3a25b2c8ff5adbe7d	crates/dh/src/data/x25519_test.json
8990d57f222f3fb68c34ac4a52dc89e8eba100724e15a6821bab626e2f7e6be5	crates/dh/src/data/x448_asn_test.json
d957143ef1eb31a90785517139ca42423aaf0cce633efc8ad65dc4cd13d14f79	crates/dh/src/data/x448_jwk_test.json
faa350f4390f1a7327c449dc3da1a272e9d2bf169d918d89d13759ceb2e547c3	crates/dh/src/data/x448_pem_test.json
0f8f7199dbd47d1805cb9b13dfb29c207406bc786827bfd9ba7b73374b830fe5	crates/dh/src/data/x448_test.json
8d69fe0142d51d34ca359c04875fd0b8e91b010ece2e2b741933c0eda54c32ea	crates/dsa/src/data/dsa_2048_224_sha224_p1363_test.json
b7d1838d85e539985b4de37d363e66cfb9f47af1d0817efd07901046c2040fb7	crates/dsa/src/data/dsa_2048_224_sha224_test.json
d52d85530ccc5f097434f87b1c6cdcba8b551489e508cf45ec012ed162e871bd	crates/dsa/src/data/dsa_2048_224_sha256_p1363_test.json
892abcf306947823a979597c15452db6a21f5ab4b6d2cd85960ec7744067f4da	crates/dsa/src/data/dsa_2048_224_sha256_test.json
efc8dae4f6943f5a3ef450a8d3ff118bb5520bb9c18fac60bccad5c6d6b3760c	crates/dsa/src/data/dsa_2048_256_sha256_p1363_test.json
08a050e4e000bf56bc7ef2399c9c3155ac24fb22be9a0a78eaf391018456d94c	crates/dsa/src/data/dsa_2048_256_sha256_test.json
02625003e34c437e5b82abeb8ba86973528b709bff09fa83293a3a1d7cc2057f	crates/dsa/src/data/dsa_3072_256_sha256_p1363_test.json
a21e6d1fb4201b80f8b4fc1b8c263eff8fc3b5015f2d2a6c5ff86b2b8d64aebd	crates/dsa/src/data/dsa_3072_256_sha256_test.json
713e1119d7c1d2271ff41344a189007364e68cd5368e51a2f8347bab18fc98a2	crates/ecdsa/src/data/ecdsa_brainpoolP224r1_sha224_p1363_test.json
d48602361aa945dbfdb69e9b2cff6897c63d042e17529aa85287241e8e2b5cba	crates/ecdsa/src/data/ecdsa_brainpoolP224r1_sha224_test.json
e33113925d869a410402e3ca69a0ee9c3dce0537660d8e18ad9afada85aa2056	crates/ecdsa/src/data/ecdsa_brainpoolP224r1_sha3_224_test.json
beddd2f5367292929411830de16995dd8afd9a14e811a3d9f8a041d024c6fe35	crates/ecdsa/src/data/ecdsa_brainpoolP256r1_sha256_p1363_test.json
0c1bb62a715cf20a0de88d5e81d05dbd8d0b439e4e8edd88d2229e98961583d4	crates/ecdsa/src/data/ecdsa_brainpoolP256r1_sha256_test.json
4fd24fdb64c0a0b306c81ddc603f2a267d88f70e9fa315b4660bc1eaf835d786	crates/ecdsa/src/data/ecdsa_brainpoolP256r1_sha3_256_test.json
ff3e2b7237141e1280802a73f6cd345fb57c90f336c1cb9bdd95b29723dec4fc	crates/ecdsa/src/data/ecdsa_brainpoolP320r1_sha384_p1363_test.json
2576dfc14825ce214a79c9c6a11be25f508eda3e16a971808652557da3af450f	crates/ecdsa/src/data/ecdsa_brainpoolP320r1_sha384_test.json
9af03efcf4c784735795f01e6a4e0a50bff1d27b0c088efcfddd13cf3c028064	crates/ecdsa/src/data/ecdsa_brainpoolP320r1_sha3_384_test.json
d3a1c429a56c4e26daf10a7db148653edb2588076b506839d73e254272aca7e0	crates/ecdsa/src/data/ecdsa_brainpoolP384r1_sha384_p1363_test.json
b7338b35a71d3269abde4c2548ea6f95dff17f80ba5f34c20f9821da37963694	crates/ecdsa/src/data/ecdsa_brainpoolP384r1_sha384_test.json
e2f47ad8dc17e5b818edfb1c13360bc9d913695f318b0509718fa03306a100d9	crates/ecdsa/src/data/ecdsa_brainpoolP384r1_sha3_384_test.json
16d498ffd8bafb9af52fbea21ecda5d3475f6ca6abade4d6b4dafe7655b2750a	crates/ecdsa/src/data/ecdsa_brainpoolP512r1_sha3_512_test.json
9c552f2695c1313bbff42235ded2de173fa622024b2d794d66bdd7e440d0f496	crates/ecdsa/src/data/ecdsa_brainpoolP512r1_sha512_p1363_test.json
4977b4e1effc815adb4d9cbeeb7d3d5896bda5078b29deda5a7d03c2e750d02b	crates/ecdsa/src/data/ecdsa_brainpoolP512r1_sha512_test.json
817194ac2cebff8fa03b305dde36cadaca067dd565f20e1cc2f0593e3edd862e	crates/ecdsa/src/data/ecdsa_secp160k1_sha256_p1363_test.json
4ed9c871a5e76056a6de9d8e51186ff3a27071f55c0e3e8c36cba69dc6e86ef0	crates/ecdsa/src/data/ecdsa_secp160k1_sha256_test.json
854e24afe22f84d4301db353dbb8a953b1aab7aa7c8a086a700d47ed6e1a4737	crates/ecdsa/src/data/ecdsa_secp160r1_sha256_p1363_test.json
ae74127aeeba15b4834adae2c39a73d97bcf9ed3612791820151afbc72be584a	crates/ecdsa/src/data/ecdsa_secp160r1_sha256_test.json
830ebf7a523c83e162f70960d8ebf5e55a4897d20016c4b9fdbf2a25ea15c9f5	crates/ecdsa/src/data/ecdsa_secp160r2_sha256_p1363_test.json
c464878185bed983181eed840f5f92d6cd66b16ee2447f1983d9f4504038a806	crates/ecdsa/src/data/ecdsa_secp160r2_sha256_test.json
b0fd8c657665576c6a61ef6f2232e3a591ac4ce84e8d754c6dcb5ddf5682daff	crates/ecdsa/src/data/ecdsa_secp192k1_sha256_p1363_test.json
c9050988ea7ad5c21cb39f3f5c1140e2dc89dc61fd09481a79b7c27276322668	crates/ecdsa/src/data/ecdsa_secp192k1_sha256_test.json
6b868ca14a5265289a3a0dcceae32326193ec152619c164842fb4540ca1ad957	crates/ecdsa/src/data/ecdsa_secp192r1_sha256_p1363_test.json
a49a773dfd7e124bb04f606b46ca2c6b8e3e7fdc22195ca0e651583f78ce92e6	crates/ecdsa/src/data/ecdsa_secp192r1_sha256_test.json
29aeddbf1aecbdc597f950f032c976f030e8dabc6461903a5fe51fdcac774b16	crates/ecdsa/src/data/ecdsa_secp224k1_sha224_p1363_test.json
5b64fd6b575800ac031d271ab3b6057382be9ea5d725f9bff469bb972bfa13fc	crates/ecdsa/src/data/ecdsa_secp224k1_sha224_test.json
275f8b6c9ae3f48b8c0207fdf7ab7bdefb7553d0fd45185a24e837938114580d	crates/ecdsa/src/data/ecdsa_secp224k1_sha256_p1363_test.json
321b6537033571aa6af8127db806ec77eab4b70352e9626097060c04f398300f	crates/ecdsa/src/data/ecdsa_secp224k1_sha256_test.json
b11d2f4bdb6cd99fb12c8d636840722fa8fae529fa041781e2e861f8e91f98da	crates/ecdsa/src/data/ecdsa_secp224r1_sha224_p1363_test.json
9bcb7dd003a60aa94ab133e4348b059ddb4d9c2f74bdd2a1ac948efd31ba935d	crates/ecdsa/src/data/ecdsa_secp224r1_sha224_test.json
f956ca4b1c38c0202249ef358e28938e3ec6c6bee0482540d94b5919866f3ae5	crates/ecdsa/src/data/ecdsa_secp224r1_sha256_p1363_test.json
711b1ff8ccdf4932a517ec419a14a86b008430790c87718fd9d40b393960f22d	crates/ecdsa/src/data/ecdsa_secp224r1_sha256_test.json
fca0bd2d37a2f0de72bedfc1a5d6044be81fb9d06b5fe50eba98a33762664187	crates/ecdsa/src/data/ecdsa_secp224r1_sha3_224_test.json
4ceb6f272afed9b71c10c570f77154a180c5cbf87f80faf372cb2bc39f323bd7	crates/ecdsa/src/data/ecdsa_secp224r1_sha3_256_test.json
8c70ac0bfff6d5423e25d3e29de04351997afc689b2b272c20960ae166c27897	crates/ecdsa/src/data/ecdsa_secp224r1_sha3_512_test.json
14e4c96c4cb11f96c4a9346cd28ac4d9c61e0e6f6734e21caea51425c0ef33a8	crates/ecdsa/src/data/ecdsa_secp224r1_sha512_p1363_test.json
ded115bb8f385d42d481f0a11974b4dc2467cfe73ee2c80c7069cf5417b05352	crates/ecdsa/src/data/ecdsa_secp224r1_sha512_test.json
a74b3f4884d9532585011e159446ceaaf756414840e33040287be3641b81d67e	crates/ecdsa/src/data/ecdsa_secp224r1_shake128_p1363_test.json
cc2ac045e49b7143db2101cfd5a86b6ecb5a29362dcb7d779aa2d85fc93b146c	crates/ecdsa/src/data/ecdsa_secp224r1_shake128_test.json
27c848b8cfa4e3f3bfbda27971542dd9b827e393842d5549fdfdf1923771c756	crates/ecdsa/src/data/ecdsa_secp256k1_sha256_bitcoin_test.json
7a339efc7134fb2495cd32afdbd692e0f86427d3c24e9073f6a7d858bb8788d2	crates/ecdsa/src/data/ecdsa_secp256k1_sha256_p1363_test.json
43db761c0a2eae71fb0755d355d5130e28ce64a5b07846cf27e7072082597a81	crates/ecdsa/src/data/ecdsa_secp256k1_sha256_test.json
4748f02694d2391576cf28c8cb3d13149739b5602eeb079deae4577e111afbc1	crates/ecdsa/src/data/ecdsa_secp256k1_sha3_256_test.json
d1760ce172483843ab4003e8fd78e16e6fc003cdf7190f1fe7d34dba1842c05c	crates/ecdsa/src/data/ecdsa_secp256k1_sha3_512_test.json
7e12bee4519587d2b31fe7a03a617fad771f352b505edb41d063c35a4023dbc7	crates/ecdsa/src/data/ecdsa_secp256k1_sha512_p1363_test.json
b614f432e4110bcdd3d792180a195e5ba33da7704db3d1298d42312cc64acd40	crates/ecdsa/src/data/ecdsa_secp256k1_sha512_test.json
30ead3b9c2845717115bc75cedd90621e35b3c096b2047af91fb7811e059fb9d	crates/ecdsa/src/data/ecdsa_secp256k1_shake128_p1363_test.json
861bc8936ce7869155076f614eb05121acba71868c1b856bcf7258d646e95ecb	crates/ecdsa/src/data/ecdsa_secp256k1_shake128_test.json
24a5fa4887f8167b135f07f7da603acaf125e39994a439bda63f43a74555178b	crates/ecdsa/src/data/ecdsa_secp256k1_shake256_p1363_test.json
7f3e61cb13bf976a9567639b00c0f727e8807d4b69a375562f0d14ec0afe1dd0	crates/ecdsa/src/data/ecdsa_secp256k1_shake256_test.json
c60de693930e386c3a5472d08081623ef8504decc54b38ac01ec6b2a2575c986	crates/ecdsa/src/data/ecdsa_secp256r1_sha256_p1363_test.json
182db4f3e230f6f9fa9f800d2a614dede30284b8e8438bbfe1171905402e9332	crates/ecdsa/src/data/ecdsa_secp256r1_sha256_test.json
8e88fe7c0c33d103392e0cdadb928b9299393e3262d324d185c79a4682dfe289	crates/ecdsa/src/data/ecdsa_secp256r1_sha3_256_test.json
1bf94ad0ada25f64523fa55bfd5bd9a3b1bb9fd4c9154553e6aa8f6f8c735ec6	crates/ecdsa/src/data/ecdsa_secp256r1_sha3_512_test.json
95c41daca2101540641cc13ccab128d67ad665eaf8349896434e1e6a0c5c68fc	crates/ecdsa/src/data/ecdsa_secp256r1_sha512_p1363_test.json
8e940baad7c6172c58c8f354b10366d307be43a3cb82a5880cb46686c3e8f858	crates/ecdsa/src/data/ecdsa_secp256r1_sha512_test.json
1a7c89fb06d8fc4da28af8efed5741c39ee7fb014f7821a0cde8aca92fd3e843	crates/ecdsa/src/data/ecdsa_secp256r1_shake128_p1363_test.json
e3b212144114f331be9ec240865ddad43f91856624bc198f41077f926d1f7bd4	crates/ecdsa/src/data/ecdsa_secp256r1_shake128_test.json
660c948e5433279ecdf966e8a1386b69ecec618efc1ff00269e85aa9dc84f0a6	crates/ecdsa/src/data/ecdsa_secp384r1_sha256_test.json
e27344bf6daae75fa19663620883809f91c79fc4b4420eff9eae8036b34476be	crates/ecdsa/src/data/ecdsa_secp384r1_sha384_p1363_test.json
8a5b3ae1760975143414811f13588c24d951d9d8c904195087ba327591dfe9cc	crates/ecdsa/src/data/ecdsa_secp384r1_sha384_test.json
4f0de3f8591ca70913996585f4699e96b909ab69f50cb6af70c20697ce4f8e64	crates/ecdsa/src/data/ecdsa_secp384r1_sha3_384_test.json
52ed6a0138408346a5886fe9135700d3e76407308fa9ef685fa4e28d1c343446	crates/ecdsa/src/data/ecdsa_secp384r1_sha3_512_test.json
d994c43b997760ce51c4bbae4a974bf9f9c61db2c4b0e454c3999179de7aae46	crates/ecdsa/src/data/ecdsa_secp384r1_sha512_p1363_test.json
f44bae32e419fc75c5b5af751cff4e35145cfbcc24944e378d5f30889d310513	crates/ecdsa/src/data/ecdsa_secp384r1_sha512_test.json
66633b7cd2aeb865c3ba46f46fdea6531c2d404c96329ef563c190dc096648d6	crates/ecdsa/src/data/ecdsa_secp384r1_shake256_p1363_test.json
72b780ca3cef8985c25cd7c5ccffcdb1d6f5b2ee12cb9374362ee41a2a4057ac	crates/ecdsa/src/data/ecdsa_secp384r1_shake256_test.json
723321d83c00c3558fa248c8fd1e0303fecc033fc840c3c37fc293568da1fa41	crates/ecdsa/src/data/ecdsa_secp521r1_sha3_512_test.json
d294cbe0485dff0a2c53f6b363103ddb81c444e7e5ee44df56549ea92b873840	crates/ecdsa/src/data/ecdsa_secp521r1_sha512_p1363_test.json
0fa3bb09a2319242253028b53d555fb8ec2081d891271321205cdaeabb3eef3e	crates/ecdsa/src/data/ecdsa_secp521r1_sha512_test.json
bbb77408abe1f9dbc204f34a5264c5b91d6add69344d3241ffdab86a8babbed1	crates/ecdsa/src/data/ecdsa_secp521r1_shake256_p1363_test.json
f99346a04acd2b822bff44203cd7dc45e87d535e744377e5dce99ca66c0ac4ad	crates/ecdsa/src/data/ecdsa_secp521r1_shake256_test.json
70471c053c711731f2195ef4875b60ea7f5d6793939d99058ac12da810cb8e00	crates/eddsa/src/data/ed25519_test.json
8daffb4a86babb786605f6d746809b4c00507ca48ed80ca3255ff88c5166bd25	crates/eddsa/src/data/ed448_test.json
a28c5d38e20a817a5c528aef2334df919c6cf7f83a38da0226f495901e33ead2	crates/fpe/src/data/aes_ff1_base10_test.json
b94b0ff02ef9ffe1705d34325b3a35fadec83d36326c3e46915fa38b764f22b3	crates/fpe/src/data/aes_ff1_base16_test.json
89b6e867e0af88e3422877c056e41dd26ce958899774b7c0d5b005c22425cd05	crates/fpe/src/data/aes_ff1_base26_test.json
c3fd5963478e390bb6614e13e1f126478a747d57ba252b534b19ff8da91429b0	crates/fpe/src/data/aes_ff1_base32_test.json
36d5c9d4f65fa57e28a62d992d2d37edbc8c701150e3ecf669e398a0d5419ff4	crates/fpe/src/data/aes_ff1_base36_test.json
6f2ebc5b6bae2ea6fc24dfb506771093856d6a0ae6b179a3a899aee49c6d7115	crates/fpe/src/data/aes_ff1_base45_test.json
7bbc7e02207b956484985e41c4a9564156a5584d3a2962c29e2b2f547bdf431f	crates/fpe/src/data/aes_ff1_base62_test.json
628d350cd15899d668478c44d7e82fd75722300207dc13771ef559e1e9cb07c0	crates/fpe/src/data/aes_ff1_base64_test.json
61007137b1370dbc30562f8a0d5c43b6084ff80d850afd36661b8d98429730f1	crates/fpe/src/data/aes_ff1_base85_test.json
c765460b2a2c00dfe7ea6ed4a9b2e4c2646ad0ed4b01113e19d4bce5489fef51	crates/fpe/src/data/aes_ff1_radix10_test.json
2acf5f53d9cae93a509922905ccee82b70022890c2bfef831f0f671583460bc9	crates/fpe/src/data/aes_ff1_radix16_test.json
60193bbcaa7545c8b48d0bffb4e04f3f141ca5183b79abe2e520243efcceff25	crates/fpe/src/data/aes_ff1_radix255_test.json
72893a5e9f34074ef8735c2f98357c423141cf00f8d75b50dcced20c08dd451b	crates/fpe/src/data/aes_ff1_radix256_test.json
4e539c1f3da8c0c444f6d1fb1c9f6ec75daa57ec6190a05534a66357f588a621	crates/fpe/src/data/aes_ff1_radix26_test.json
34e27cb9dffc93f4ccb315498350abd51e5a7a11e3baeef698cb9623f5820ecb	crates/fpe/src/data/aes_ff1_radix32_test.json
531106df14d9c99d6ce7c572a16d840df93fe34a1ff474be74540260fbb9d1f2	crates/fpe/src/data/aes_ff1_radix36_test.json
de5f061fa9ab54d427ee0ec922ffb88e1e79473d2d1e822417b5f960e89aa914	crates/fpe/src/data/aes_ff1_radix45_test.json
60b27edbb6dc1fbe8158a9f836cef4497a9f4a5bfd1bd97ddbfbc3c0b257a4f3	crates/fpe/src/data/aes_ff1_radix62_test.json
2018ba04adc70632aabf68999f3feffc44e5d814ecec7b4d49e4ae06e2feda57	crates/fpe/src/data/aes_ff1_radix64_test.json
399a2e461052089f80720fe1adf2efa62c4b0092d398e31d1dac40d596909a84	crates/fpe/src/data/aes_ff1_radix65535_test.json
feead0bfb6311a42ea667c752d90e03bc17469ebe41f9bad49b7c7ec63da1cc2	crates/fpe/src/data/aes_ff1_radix65536_test.json
9d51b7dbd7dc85d67a982605dfcfaf33f3c5a3147b08896ed4178e22b9109c22	crates/fpe/src/data/aes_ff1_radix85_test.json
f157dae1e46582db5d13d2e9133e4e3334f3151b2f95eff421f11aa7a548a930	crates/kdf-jose/src/data/hkdf_sha1_test.json
bb2b462a38b251cb52a2aede706d6d4b62b26864f4e80c95497507ddb07c5f1e	crates/kdf-jose/src/data/hkdf_sha256_test.json
69ff6ea3657bb9c1b8cdffbbb4e7832353d08fd15c0d9997b03f7a6b180e3678	crates/kdf-jose/src/data/hkdf_sha384_test.json
bb9a21f4e86041caf5d7792b030349f8ff289087f195b2fbc0fc0afc39deca6f	crates/kdf-jose/src/data/hkdf_sha512_test.json
dcd58ac9548a7d6173437a691e4cc307dcd3cec9fd814a39cd2a94531cf4f8ce	crates/kdf-jose/src/data/json_web_crypto_test.json
2fee073795830ee029ddb84d2d7bcbad05fde6e55ee2d00b153a0aa40a72d7d2	crates/kdf-jose/src/data/json_web_encryption_test.json
be983255bce26406f97020ec5458b33930a90d5f868e604fcd569c300aba2862	crates/kdf-jose/src/data/json_web_key_test.json
8e687a06fe8359f4ec51480f1a9f73c8faebd6f4c01b818b843b44eee54fd5d9	crates/kdf-jose/src/data/json_web_signature_test.json
360fdfee94eb95f73dae236a6490d57c6854455ff69d902e4e89d74e90e8d5eb	crates/kdf-jose/src/data/pbes2_hmacsha1_aes_128_test.json
b89608bfb72e4ea7d9cb8030f41e81a536ac47417603280f9cb6a1d1a0d14503	crates/kdf-jose/src/data/pbes2_hmacsha1_aes_192_test.json
53504a45043b97dfb34ad83d0a9952488c3496f66ab2fa6ce1c90bd318f34c91	crates/kdf-jose/src/data/pbes2_hmacsha1_aes_256_test.json
ae1747b1590adbf8c7a87330d02a19ab2bf2603a181e2a158acb0df7b493da75	crates/kdf-jose/src/data/pbes2_hmacsha224_aes_128_test.json
e7cfd998ff02ce4eaa1cd5aa0b8da3235c78aeb42c0b35f3f4c49d0322ca6c52	crates/kdf-jose/src/data/pbes2_hmacsha224_aes_192_test.json
7a50710f4fb5b7bf016b77ff020d71deab5064fecd247e336b97ae74d68dd523	crates/kdf-jose/src/data/pbes2_hmacsha224_aes_256_test.json
78ada6d0f6acd321fb303a443c4948541359edf0570fdf4f9aa33c2cb0903f48	crates/kdf-jose/src/data/pbes2_hmacsha256_aes_128_test.json
a83fb4993ac9f402ab15a99c384f9d51c247c976c8817cdb15b610a7f6331d86	crates/kdf-jose/src/data/pbes2_hmacsha256_aes_192_test.json
f95bed72ecbd6fb720683a528bb0141680be27ecea193d41b2d330d214a63906	crates/kdf-jose/src/data/pbes2_hmacsha256_aes_256_test.json
ddbb88e27c7957f450b74bfb2777a8b1434b2a580ef7e1dacfd27e1d6242b45e	crates/kdf-jose/src/data/pbes2_hmacsha384_aes_128_test.json
9bae53200f0b13ec1eee83493d873376757ec039210a452fbc39d50564bdc159	crates/kdf-jose/src/data/pbes2_hmacsha384_aes_192_test.json
e5d97c322dcbb3a7de32950823aa30a86d220f13d9cb223a60f2664312d7c7a7	crates/kdf-jose/src/data/pbes2_hmacsha384_aes_256_test.json
903f7077702f3af7c84c15ca9ff9bd5091e66d28c902829c69afe9f254be03ea	crates/kdf-jose/src/data/pbes2_hmacsha512_aes_128_test.json
2256114f050692e4e055088c8b19ce2cd4d4c24e7325248c99372e939dba0ac3	crates/kdf-jose/src/data/pbes2_hmacsha512_aes_192_test.json
161c863dde73d75fb8f14cd79dbfc0c608dbdc5bdb0d780c6fbb4fb2f704f0d5	crates/kdf-jose/src/data/pbes2_hmacsha512_aes_256_test.json
d7e2b8ee73501905fe027bc631c351cfa2e59ae03e999dffe6234d60fb15a537	crates/kdf-jose/src/data/pbkdf2_hmacsha1_test.json
4795b4e33779eb2194b743a7df41a000370ac1faf96cee934de22ad999a5c617	crates/kdf-jose/src/data/pbkdf2_hmacsha224_test.json
fa21062c95e385aab1714d607c320d534c75082f9594bdf965dba3d934fd17ef	crates/kdf-jose/src/data/pbkdf2_hmacsha256_test.json
c1d7d857d26389b4a3732fead15159182b6bd828819a069f12d9112df6a57ef6	crates/kdf-jose/src/data/pbkdf2_hmacsha384_test.json
3bc72b80f5c3d79cc2565b9b98dd982e7b1e1082df3a356d648a4d77470aa1d7	crates/kdf-jose/src/data/pbkdf2_hmacsha512_test.json
31ec21fb04bffef38d42a04339932be806d679fbb33714d16c6bed3748dbd8d8	crates/kdf-jose/src/data/primality_test.json
ee55e18b1944db496b2539d3884dfacc04a96db21bcec239063df5e4cd1ee6cb	crates/mldsa/src/data/mldsa_44_sign_noseed_test.json
b29b0dcca2e52c988e1b9c06f8b521889ffbaadfc6a9dbf52f0f0f8f4c5b6b92	crates/mldsa/src/data/mldsa_44_sign_seed_test.json
5ec04790c240c443ca8b662b8fc871834602c7cce87fcd36a193110745b2b9ea	crates/mldsa/src/data/mldsa_44_verify_test.json
8587a53e7e3ca20b006b661316b89c762acdecf3fa902746b01cbc09fe14130d	crates/mldsa/src/data/mldsa_65_sign_noseed_test.json
d72e9c2f514c9f7490c33785ae0027d942ba2c45a9b8ebfc8fb1802b4913bf38	crates/mldsa/src/data/mldsa_65_sign_seed_test.json
5b3ac930c9a38cbfc672cb85eed5ff0db8fcc2c0ac0541821b7d3247bb3956c0	crates/mldsa/src/data/mldsa_65_verify_test.json
bd4c997f1fb90d985dbcca9a5ab52cef1f5c22d2cc0ba332d8dbe68703a5b40d	crates/mldsa/src/data/mldsa_87_sign_noseed_test.json
e83c292318134faa6af777e86c619c4643e2705dba91dfa5adcd1fddfd4f40ce	crates/mldsa/src/data/mldsa_87_sign_seed_test.json
c0b2b12bd9980b1695ef95f2460f1f96cf6c13c0216b9bdfaaf5a9e811d254ba	crates/mldsa/src/data/mldsa_87_verify_test.json
da41e8daf57e40a6b334a722e3f56067817352f5583fdb2434da1a2cd611358e	crates/mlkem/src/data/mlkem_1024_encaps_test.json
cd9241bf5d65a78e005866ea2c660615c17f50caa9afc2b96fd1573cc65617b5	crates/mlkem/src/data/mlkem_1024_keygen_seed_test.json
09d1f271753fe4f66f9908a9d17e2bf1684713842defb35b6bb12760ff722a7d	crates/mlkem/src/data/mlkem_1024_semi_expanded_decaps_test.json
394c997a67ab86a5e7eae9d96007931cc594126b27b3a4f47b8ab7c4f0826bf9	crates/mlkem/src/data/mlkem_1024_test.json
85a69664f2e8243f5085f01fb22f9635b100b16a8935cf2b2ac94c127511a20c	crates/mlkem/src/data/mlkem_512_encaps_test.json
877ae6f5550d0e802086e5812bdbd23c16afa31cd3bff9669cd9661d3fbf2d85	crates/mlkem/src/data/mlkem_512_keygen_seed_test.json
6156ec62c0edbf67d3e505e04379916549a91ab257a6987342aab45e9312f197	crates/mlkem/src/data/mlkem_512_semi_expanded_decaps_test.json
2f72b5f6db7410d8b7be7030e26f0980fca542c674e4902558f74af8236353b9	crates/mlkem/src/data/mlkem_512_test.json
9d4381f94c40853bba430245b94968b7390d9175aacd9f1ae4e250a71c78b713	crates/mlkem/src/data/mlkem_768_encaps_test.json
fde5abe284396f4cb3c4610b90d680f0b57782e94c3365c97aee59e24881ebe4	crates/mlkem/src/data/mlkem_768_keygen_seed_test.json
ae39e5a218de97933e3398e5092a0167f3114b022865b5f0ac4ed8ad7fce7f04	crates/mlkem/src/data/mlkem_768_semi_expanded_decaps_test.json
c2bc0264a150c3a4399da72701d154672e9f708420cff8f01340ef0b1f17f4f7	crates/mlkem/src/data/mlkem_768_test.json
2c7b3694cd9265eb88ddb586ca29aefcea02938bde772e19a71a4fa601fc71c5	crates/rsa-encryption/src/data/rsa_oaep_2048_sha1_mgf1sha1_test.json
de52321ae1088869603ed0226a0e9456e436282d2a173a0e954c38dabd7abc41	crates/rsa-encryption/src/data/rsa_oaep_2048_sha224_mgf1sha1_test.json
0a3d5c4da6a7a1d70a555e07511410d3540207f6057bfcb9b722f028e535e81b	crates/rsa-encryption/src/data/rsa_oaep_2048_sha224_mgf1sha224_test.json
d3f25242297957b3663ab5c9a7ff3fe7e34f8171ed1ff275842a0cfaccb5104d	crates/rsa-encryption/src/data/rsa_oaep_2048_sha256_mgf1sha1_test.json
83dce701e3d8640ac56e6d7bf37a5a8f9bd6a336e1e932a1e9bfe4ba9c5ea3a9	crates/rsa-encryption/src/data/rsa_oaep_2048_sha256_mgf1sha256_test.json
88f1c87ba2ec53c4d6b091535480eceabd4c7e26993346566642da8d012889bd	crates/rsa-encryption/src/data/rsa_oaep_2048_sha384_mgf1sha1_test.json
b789151c90035789b5760f3c3bc3cb2338604b482362a31b22a0fdedce73b21c	crates/rsa-encryption/src/data/rsa_oaep_2048_sha384_mgf1sha384_test.json
8602158e55507e1938a524153bf0178eae3d93500de771f00df404abf7761e6e	crates/rsa-encryption/src/data/rsa_oaep_2048_sha512_224_mgf1sha1_test.json
dc5ef81233688d0bbfd1831902f5fc389579667861f98a12442bf1d273e560d4	crates/rsa-encryption/src/data/rsa_oaep_2048_sha512_224_mgf1sha512_224_test.json
59e7a7e6f287dfee584cbe2169ce849fc0e8b9ebc286e8f5847a6dfa32e1e106	crates/rsa-encryption/src/data/rsa_oaep_2048_sha512_mgf1sha1_test.json
37aa37a21910b59fcca10c29ffc726ff2f437938455457314d30587c1ebeee86	crates/rsa-encryption/src/data/rsa_oaep_2048_sha512_mgf1sha512_test.json
c5cbfc3fccf45efcaaecb520abb3c61e95f85f7fceafdea982a9e55c74bde98c	crates/rsa-encryption/src/data/rsa_oaep_3072_sha256_mgf1sha1_test.json
c8122302f522bfd539650c71c4aa966bd1f89acb50c6f4c190030fdb9b2684a4	crates/rsa-encryption/src/data/rsa_oaep_3072_sha256_mgf1sha256_test.json
3d7d210a05338402c411606b7ae6b2a8497a8621f175f072f091704fdf449686	crates/rsa-encryption/src/data/rsa_oaep_3072_sha512_256_mgf1sha1_test.json
fff874a24fd1a925be3213c490cca505b69247b11aa04e141d7fe2cc0a685d2d	crates/rsa-encryption/src/data/rsa_oaep_3072_sha512_256_mgf1sha512_256_test.json
bae6e423e1bbbed93f828490e609a84dd524fac31f597512ba92add889014f66	crates/rsa-encryption/src/data/rsa_oaep_3072_sha512_mgf1sha1_test.json
ddef1a4ad4be281f49a8be85ed11adbe69a03d667530cc7638739d5c7f519fc9	crates/rsa-encryption/src/data/rsa_oaep_3072_sha512_mgf1sha512_test.json
d826b470b7c4f76d9dfe1135e446f9654d559dc71629475a83f7f7524c92409a	crates/rsa-encryption/src/data/rsa_oaep_4096_sha256_mgf1sha1_test.json
e0eb85bcd6d66a85941ee3d98e44f7d1ffb0cf870ba6550e1ed3bec4174c60a9	crates/rsa-encryption/src/data/rsa_oaep_4096_sha256_mgf1sha256_test.json
0d0f90964bd91e2f58d7b4d3dfc95352a38866bf9ec97f5dfbdf62072fc0a141	crates/rsa-encryption/src/data/rsa_oaep_4096_sha512_mgf1sha1_test.json
5b5a83d2071b8aeb4aa8463adb8150bb0422ee1c461e4ab33f7e3dd63c79c0d6	crates/rsa-encryption/src/data/rsa_oaep_4096_sha512_mgf1sha512_test.json
a989f2f0fb3151fe45ba93c629beb620fc949a0ba0ff1f694e451a6885449c79	crates/rsa-encryption/src/data/rsa_oaep_misc_test.json
28466c4390f1f8943754a990ba36397ebbac628117d91b57f87e1ba200b932f3	crates/rsa-encryption/src/data/rsa_pkcs1_2048_test.json
c85a9f9d431789e1b9243bdc7d71bf0160ee5a5b40be2e1ada892b98e21eb4ab	crates/rsa-encryption/src/data/rsa_pkcs1_3072_test.json
80046c2964ff551e054cdd5bb7c1d2c3758b1a0225b1a5b3bd6ace8ee0a7219b	crates/rsa-encryption/src/data/rsa_pkcs1_4096_test.json
d8e69958dd0ac5f53cefd7dd77436139b8352a1a5cda05a59e2c118ba6224070	crates/rsa-encryption/src/data/rsa_three_primes_oaep_2048_sha1_mgf1sha1_test.json
3b27158d4a9ca63138f4440822b447701c0d36e726baa5bcdc8f51fba67d376d	crates/rsa-encryption/src/data/rsa_three_primes_oaep_3072_sha224_mgf1sha224_test.json
cddc10dec0a940ec83ced2cdc8f82b5ed97c0a24496d7b2fd10849ffaa3a1b03	crates/rsa-encryption/src/data/rsa_three_primes_oaep_4096_sha256_mgf1sha256_test.json
d29bb1d43016e8932937554291e997dc509455373b0d3cfe89ebffaee80ec9cd	crates/rsa-signature/src/data/rsa_pkcs1_1024_sig_gen_test.json
251da3f00f11cba07f8e89c94363e25ea16ef4b35aaa270063e4f763c283a8bd	crates/rsa-signature/src/data/rsa_pkcs1_1536_sig_gen_test.json
587b3d27d3429f2118cb02818da4d08eb3f36f50c747939eb550fae4337ccbf0	crates/rsa-signature/src/data/rsa_pkcs1_2048_sig_gen_test.json
45153219d486fd135d35aa968a957a0c015c7829e8dc59bea5f87e6c30912677	crates/rsa-signature/src/data/rsa_pkcs1_3072_sig_gen_test.json
f13eadbec6c45291cb33e6b2fa0a0c2b862d0bd2eaec29f930d3b78067cd48c7	crates/rsa-signature/src/data/rsa_pkcs1_4096_sig_gen_test.json
006f6bb1266b4586647931502f92c74e8cd30f4dc8a36004d46f43331564e053	crates/rsa-signature/src/data/rsa_pss_2048_sha1_mgf1_20_params_test.json
96d13ecdc356a24aec01dcbef7c5a15458b78373283113c294a60f8ddf717b29	crates/rsa-signature/src/data/rsa_pss_2048_sha1_mgf1_20_test.json
a240b2267e9e411fdba4d7fe688b0c57c7dc6971818b370519a9142beec05743	crates/rsa-signature/src/data/rsa_pss_2048_sha256_mgf1_0_params_test.json
b22a8d9a2e7e47f681d0ff1d1a55455daaf325d989c64ad005f848bd50b9b4c0	crates/rsa-signature/src/data/rsa_pss_2048_sha256_mgf1_0_test.json
8376c34232d5fe0e91ac1363a481c438540bc3982b0492628fa2d825d2c3c5a3	crates/rsa-signature/src/data/rsa_pss_2048_sha256_mgf1_32_params_test.json
7f6efafc160f4816b96cbf1c12188a31051d7e3f001e27505d9edb5f2a0e325c	crates/rsa-signature/src/data/rsa_pss_2048_sha256_mgf1_32_test.json
8099d28e300c86cf1cac2ab09cd777186b5ecc0f555d7c178c665b4ff3c08307	crates/rsa-signature/src/data/rsa_pss_2048_sha256_mgf1sha1_20_test.json
66d464778b0b2f683a1d1a20e94f77e9472b8cc393b45f423fa08a48e677063c	crates/rsa-signature/src/data/rsa_pss_2048_sha384_mgf1_48_test.json
5634bcc6fde231f2572e251c03c1d548a0c9ee5813c7343b9dc26b9068ab61ec	crates/rsa-signature/src/data/rsa_pss_2048_sha512_224_mgf1_28_test.json
5682afaef4c4013dbd5c89d73b234f5a10e2eaaa6c3b54927d711cd893214e58	crates/rsa-signature/src/data/rsa_pss_2048_sha512_256_mgf1_32_test.json
3f6ce27dae541ce03afdfdb66422861e51c65369f446eb80057120159e01f4fb	crates/rsa-signature/src/data/rsa_pss_2048_sha512_mgf1sha256_32_params_test.json
41b800089958ee0abb726d3261368ec0c9efd758ee116329c05a6bfd20fed480	crates/rsa-signature/src/data/rsa_pss_2048_shake128_test.json
6c94843f5ffd957c793a163c3e795d5ee3d3a280b64aa6656253faca53b1e931	crates/rsa-signature/src/data/rsa_pss_2048_shake256_test.json
d1c9947fbbcb9a842111429af6d6a852e9b06725968e9ddee0704b7ce0bde2cc	crates/rsa-signature/src/data/rsa_pss_3072_sha256_mgf1_32_params_test.json
cca48433e6d1accb57f65b3396c4f4dd93c776467101c3f0948e74c283fd4749	crates/rsa-signature/src/data/rsa_pss_3072_sha256_mgf1_32_test.json
77bcd3e839f079825ab2659c294d05fbc27672993403b0d57b65ec7187a31d36	crates/rsa-signature/src/data/rsa_pss_3072_shake128_test.json
d2bcb9f1663bee0b52adca2afaa11913a3ce5e68406259aa596ac29f7641296b	crates/rsa-signature/src/data/rsa_pss_3072_shake256_test.json
e627cbf5139a01e0a446c4fe15911f6268224fdd3ef4a1eb714b3942b5686410	crates/rsa-signature/src/data/rsa_pss_4096_sha256_mgf1_32_test.json
d632649a7630f7c267eda576714ca11cf0ff068d6622f576b8701f923c112577	crates/rsa-signature/src/data/rsa_pss_4096_sha384_mgf1_48_test.json
90d4f7e36586f1d1f2e2bde2e5ac26ac60d1c5ab8486abdfd6d35691059dc281	crates/rsa-signature/src/data/rsa_pss_4096_sha512_mgf1_32_params_test.json
af1e1c1c593edf91be3e9880927231d57f9df082f2d8caec2a61d9874ade101f	crates/rsa-signature/src/data/rsa_pss_4096_sha512_mgf1_32_test.json
0d403eb5adac59383f3763eaf4445692267513490bbe126aec15a5511ac568ac	crates/rsa-signature/src/data/rsa_pss_4096_sha512_mgf1_64_params_test.json
c93ceaa56a190c9fd4707441c5c6a75839f108202d88aec891697f9623042547	crates/rsa-signature/src/data/rsa_pss_4096_sha512_mgf1_64_test.json
270adae9e3250a3761efb5171bd42f00fe87126bae55c450e7070d719cb2742a	crates/rsa-signature/src/data/rsa_pss_4096_shake256_test.json
7a0496b26f62648a4ffa33ef90d032a2e589049cc3f9ab07c2ca450aa197aa74	crates/rsa-signature/src/data/rsa_pss_misc_params_test.json
1fac515f67fea8ccbf44ea08fde2de00cd76169f774a54ce2994c9963c31e84f	crates/rsa-signature/src/data/rsa_pss_misc_test.json
81b9da6e58f8a55ccc02b96f64a1d84d93100b9767dddbc906cee52d4c7daeac	crates/rsa-signature/src/data/rsa_signature_2048_sha224_test.json
94a917b01ff50fb874cfc05bf29b4af44868d944a6558201cf18380da93fb393	crates/rsa-signature/src/data/rsa_signature_2048_sha256_test.json
c571c105d261c0ff588a2888a529f152563fb3b77894b7620d4e4f8f934f2c1d	crates/rsa-signature/src/data/rsa_signature_2048_sha384_test.json
e9ed0e35cb639dd5f53c1cd97db8ae3a6c320a75960ebcff52264bc461634dd4	crates/rsa-signature/src/data/rsa_signature_2048_sha3_224_test.json
1f9598c12de63d235788a46f518ccc6c7f7e76329d17e2d6813a86dd126b16f8	crates/rsa-signature/src/data/rsa_signature_2048_sha3_256_test.json
1385340c718fe974d746d47f79660220945375343c87a09a4cb2a4b549b60688	crates/rsa-signature/src/data/rsa_signature_2048_sha3_384_test.json
5b4bdf46ba62134e61da3189b19b16dfd7119781a5632debd902561d2b9ff60c	crates/rsa-signature/src/data/rsa_signature_2048_sha3_512_test.json
de2c6acf85f8480618e6289f78c9f613c0482467cf48c1cf5a57628401e6d680	crates/rsa-signature/src/data/rsa_signature_2048_sha512_224_test.json
960e49a9e15e70c362d5f496aaf907ece2d423372e67bf3c179d28d15dc33b90	crates/rsa-signature/src/data/rsa_signature_2048_sha512_256_test.json
16ea24b039905d054bdb6004f5fd179374e150b7b6d73a7ba654b6d00eab12ef	crates/rsa-signature/src/data/rsa_signature_2048_sha512_test.json
0f5f18cabfaad3e2792e82f7e9882f8999049b456714de924b8a5e202f61ca43	crates/rsa-signature/src/data/rsa_signature_3072_sha256_test.json
73499ee649d8fb703b3f0f455fa36f7682fde677c590a736958ebce05ab27dae	crates/rsa-signature/src/data/rsa_signature_3072_sha384_test.json
6c9cd4409bbdc4037128109f22bb5e9e6ab4de3ee1a0a32cd8b3ce90b1f87024	crates/rsa-signature/src/data/rsa_signature_3072_sha3_256_test.json
508c37189e9d6204a0d457f5e6d612093207b1e9f5f49dd3858d5b8488c7bccd	crates/rsa-signature/src/data/rsa_signature_3072_sha3_384_test.json
e8b1a2d2914c9f5475b1c15cc90f6a49ccff708de8645626f49c941de77f66f9	crates/rsa-signature/src/data/rsa_signature_3072_sha3_512_test.json
8949ba90bf911bbe4ce8c81ad817c4f030a8f2652de5516f65f9ec45cabb2fda	crates/rsa-signature/src/data/rsa_signature_3072_sha512_256_test.json
09aa3336fdb7be216180ce944ca7b2a052e1de38c210435c19506327d4a36ebd	crates/rsa-signature/src/data/rsa_signature_3072_sha512_test.json
957aca128e30bd02c8982f8ca482d6521d16683f4bbc3f193cdfd4c8f04bc667	crates/rsa-signature/src/data/rsa_signature_4096_sha256_test.json
bc26f16b9fc9a90628864d3d1111ef48a4bd00b9d4870bfab88ff326e309e073	crates/rsa-signature/src/data/rsa_signature_4096_sha384_test.json
f9cede09927f809d4cfa063d0c0fb06ea6424ff88c783ee29d0443aab4224857	crates/rsa-signature/src/data/rsa_signature_4096_sha512_256_test.json
9d6e67b1eb0d7040db411835238efd20e9302399a258bdff82de3f38e0f2855a	crates/rsa-signature/src/data/rsa_signature_4096_sha512_test.json
86df4075b4ce5954726abfa00cc19ebe8b608d6d99094d5e123d6a3a86568bd9	crates/rsa-signature/src/data/rsa_signature_8192_sha256_test.json
382c2795790021798099bc8e94d0f078ef1f78787f5c7a87aaa25b5556efacff	crates/rsa-signature/src/data/rsa_signature_8192_sha384_test.json
c9e5463742d192b5ff1108538841d4d302fd799604a051d09db5f496f2f851f7	crates/rsa-signature/src/data/rsa_signature_8192_sha512_test.json
e45234427e10cf91f27324e52afe8c00906f294dbae061535e2ae13dd300a46a	crates/symmetric/src/data/aes_cbc_pkcs5_test.json
c1b441008b5355d8070c50e2533f9c1230759015268c3770ea4b0d6d19f8f134	crates/symmetric/src/data/aes_cmac_test.json
e2f98488d4d3a38ec5f72b5cf75b85ed393d6763a4c1828c090c81a79534aab6	crates/symmetric/src/data/aes_gmac_test.json
e89624734deeba8bb937acba5381a5cb137c7050bf8bfd0bd70bd8438170b436	crates/symmetric/src/data/aes_kwp_test.json
2fdb3661fd8823d1ec50e03886b24066415018975677dff83d83e77f5a51562d	crates/symmetric/src/data/aes_wrap_test.json
5a50a889fb0554843dfff65432ef23038fcd5b960e12464a0e2861336a14186d	crates/symmetric/src/data/aes_xts_test.json
9d72bd9e5884acfbcd2e905fd7a81a2c542c38a65f4bd3910f77c1dcc27cf714	crates/symmetric/src/data/aria_cbc_pkcs5_test.json
459d65d89877ccd0473912b16a73cccfba22a3c79e98131254d856af359bd340	crates/symmetric/src/data/aria_cmac_test.json
d75b517d680e25169458591ec759ae6f1d64593cda78600075a760753c20bbba	crates/symmetric/src/data/aria_kwp_test.json
67ad6c01290ba0f90a73882a3be11caeb672e1ad7d50c8010451176b50a9bca0	crates/symmetric/src/data/aria_wrap_test.json
6cc19e584fef532d70bfd0dd0a7cc7a564ca4c8d73d3904690bb29958f46193e	crates/symmetric/src/data/camellia_cbc_pkcs5_test.json
ac7c3db6470959d10520419d18d6d9bad59919c97da447b34e335ba8250e081f	crates/symmetric/src/data/camellia_cmac_test.json
cefbbac17c32c24e5e8dd35cec2b1a33bbd83c1241e381d417b9bb692b8b0487	crates/symmetric/src/data/camellia_wrap_test.json
b521c6180a862247986392d3cb49b511fc7fe790e75bee236f84e36ca290c7c0	crates/symmetric/src/data/hmac_sha1_test.json
9b3a2470fe5bc8aa2d3e55f19772dc1f88fda897863ed4eaa4d8536c244c320b	crates/symmetric/src/data/hmac_sha224_test.json
2d201cfa61d1bf95e6f5d07d96634b4a348b31e8eaa277ad7c8d09677b7a743f	crates/symmetric/src/data/hmac_sha256_test.json
28b9776e979dd755d852ca471043ea6cedce8b15f7a28abdf6ea9efd982b43c0	crates/symmetric/src/data/hmac_sha384_test.json
b795ca6ed71afb662b3b2f8258aa6bbab6056103235301391bba8c25bf4b64ca	crates/symmetric/src/data/hmac_sha3_224_test.json
8f1bad7c725c0f6325ea975ddd661f51663862823cd07084b230efe0f6a0ed6b	crates/symmetric/src/data/hmac_sha3_256_test.json
66423781ae4aa991b8b457b7736659604fffd46688001ca749f444da18f06728	crates/symmetric/src/data/hmac_sha3_384_test.json
60cd4c3be286a9c6ce49d93ce6901762e3cd0ebbfc4f08ccfd5f2b595c641860	crates/symmetric/src/data/hmac_sha3_512_test.json
b7d3d3e5b71307a2ef3f667137ca62b03b9f1dc069fc0cd995078d061cc57e78	crates/symmetric/src/data/hmac_sha512_224_test.json
6b279a036899a0b6f9e4796a353a20a505655f12037d13bbee48bb9ac6d205cb	crates/symmetric/src/data/hmac_sha512_256_test.json
b6c90477bdb4a6fc8ee3d1f7b2c0b69a8dfffab34718abaa6cabd71cc2ba1207	crates/symmetric/src/data/hmac_sha512_test.json
4a16f579dae3e019c656fb52d9f98f947c5e7096a9dad2806defb96b22bfeeb8	crates/symmetric/src/data/hmac_sm3_test.json
9482c88537dd71fe94048bffc479ce37398bc53299617d54a3d90dda07d293fa	crates/symmetric/src/data/kmac128_no_customization_test.json
950b9e8f64bd4e614aa3d825f0cd0570ec33c6cdfc81cbd043c429265149a671	crates/symmetric/src/data/kmac256_no_customization_test.json
9e6b4c459ce625bada26d4dd5dabf0155e1acefbe1183354c3c7dcdd16a7268a	crates/symmetric/src/data/seed_wrap_test.json
4e97e4646ef5c08875a570348bd10d0fb92552c38f6100a05ea87e0e4d4c2efb	crates/symmetric/src/data/siphash_1_3_test.json
c1a9afc3314a49fbb9821a95259b0b35526ed840e2d691ebd03d1fcef2118aca	crates/symmetric/src/data/siphash_2_4_test.json
150bb383e2819ba601aad4629eefe840e2262a42fd47cdea94d9a748348d98bf	crates/symmetric/src/data/siphash_4_8_test.json
4c8bfa2c45bb25ab2a925c13a5dea01a04a3a311176a69cff1409978635cae89	crates/symmetric/src/data/siphashx_2_4_test.json
73c23ccb472a975b406cecd8191099307553faaf3582632de37dea9b31c8e898	crates/symmetric/src/data/siphashx_4_8_test.json
82a71d55bdba943951aafffdfd4bfba2ba51d1bdf844dbecdc3b11a84881b0a6	crates/symmetric/src/data/vmac_128_test.json
28b950a87136020ca0e37784c02f3d549ce6373f02011fceba92d3fd48882a9f	crates/symmetric/src/data/vmac_64_test.json
